name,category,url,description,image_url
Aluminum Small base Quad Canes,ALUMINUM QUAD CANES,https://advanceddmesupplies.com/product/aluminum-quad-canes/,,
OFFSET HANDLE FASHION CRANES,CANES AND CRUTCHES,https://advanceddmesupplies.com/product/offset-handle-fashion-cranes/,,
BARIATRIC QUAD CANES,CANES AND CRUTCHES,https://advanceddmesupplies.com/product/bariatric-quad-canes/,,
LUMEX TALL ADULT CRUTCHES,CANES AND CRUTCHES,https://advanceddmesupplies.com/product/lumex-tall-adult-crutches/,,
3-IN-1 all purpose COMMODE,COMMODES,https://advanceddmesupplies.com/product/3-in-1-all-purpose-commode/,,
FOLDING Steel COMMODE CHAIR,COMMODES,https://advanceddmesupplies.com/product/folding-commode-chair/,,
Walkers,WALKERS,https://advanceddmesupplies.com/product/walkers/,,
SET N GO ADJUSTABLE HEIGHT ROLLATOR,ROLLATORS,https://advanceddmesupplies.com/product/set-n-go-adjustable-height-rollator/,,
WALKABOUT CONTOUR DELUXE ROLLATOR-BLUE,ROLLATORS,https://advanceddmesupplies.com/product/walkabout-contour-deluxe-rollator-blue/,,
BARIATRIC WALKABOUT ROLLATOR-BL,ROLLATORS,https://advanceddmesupplies.com/product/bariatric-walkabout-rollator-bl/,,
Deluxe Aluminum Bath Chair,BATH SAFETY,https://advanceddmesupplies.com/product/deluxe-aluminum-bath-chair/,,
Transfer Tub Bench,BATH SAFETY,https://advanceddmesupplies.com/product/transfer-tub-bench/,,
Buzzaround LT 4-Wheel Model: GB108,POWER SCOOTER,https://advanceddmesupplies.com/product/buzzaround-lt-4-wheel-model-gb108/,,
Buzzaround LT 3-Wheel Model: GB107,POWER SCOOTER,https://advanceddmesupplies.com/product/buzzaround-lt-3-wheel-model-gb107/,,
Golden Eagle All-Terrain™Model: GR596,POWER SCOOTER,https://advanceddmesupplies.com/product/golden-eagle-all-terrainmodel-gr596/,,
Golden Cricket LT Carbon Model: GP309,POWER WHEELCHAIR,https://advanceddmesupplies.com/product/golden-cricket-lt-carbon-model-gp309/,,
FOAM-FREE G3 X,"CPAP, BIPAP, VPAPS, VENTILATORS",https://advanceddmesupplies.com/product/foam-free-g3-x/,,
VOCSN,"CPAP, BIPAP, VPAPS, VENTILATORS",https://advanceddmesupplies.com/product/vocsn/,,
VC+Pro ventilator,"CPAP, BIPAP, VPAPS, VENTILATORS",https://advanceddmesupplies.com/product/vcpro-ventilator/,,
V+ PRO ventilator,"CPAP, BIPAP, VPAPS, VENTILATORS",https://advanceddmesupplies.com/product/v-pro-ventilator/,,
The VC Ventilator,"CPAP, BIPAP, VPAPS, VENTILATORS",https://advanceddmesupplies.com/product/the-vc-ventilator/,,
The VHome Ventilator,"CPAP, BIPAP, VPAPS, VENTILATORS",https://advanceddmesupplies.com/product/the-vhome-ventilator/,,
HomeFill Compressor,OXYGEN,https://advanceddmesupplies.com/product/homefill-compressor/,,
Pediatric Flowmeter,OXYGEN,https://advanceddmesupplies.com/product/pediatric-flowmeter/,,
