Category,Product Count,With Images,With Descriptions
"LIFT CHAIRS",93,93,93
"ORTHOPEDICS",86,86,74
"WHEELCHAIRS MANUAL",78,78,69
"SCOOTER",77,77,76
"BED AND MATTRESS",58,58,49
"BATH SAFETY",48,48,37
"WHEELCHAIRS POWER",43,43,42
"CPAP BIPAP VPAPS VENTILATORS",42,42,32
"ROLLATORS",40,40,40
"ENTERAL NUTRITION",38,38,30
"OXYGEN",24,24,24
"HOYER LIFT",19,19,18
"PAIN MANAGEMENT",19,19,17
"CANES AND CRUTCHES",14,14,10
"WALKERS",13,13,12
"NEBULIZER",13,13,8
"CATHETERS",12,12,5
"COMMODES",10,10,10
"PEDIATRICS WHEELCHAIR STROLLERS",9,9,9
"PILLOW AND CUSHIONS",9,9,7
"INCONTINENCE",9,9,1
"BREAST PUMPS",8,8,8
"OSTOMY SUPPLIES",8,8,2
"DIAGNOSTICS",8,8,2
"DIABETIC SHOES",6,6,0
"TRACHEOSTOMY SUPPLIES",5,5,0
"PATIENT ROOM CARE",4,4,3
"WOUND CARE PRODUCTS",4,4,2
"OSTOMY ADHESIVE REMOVAL WIPES",4,4,0
"ADULT UNDERWEAR",4,4,0
"STOCKINGS",4,4,2
"LYMPHEDEMA AND COMPRESSION THERAPY",4,4,3
"ADULT BRIEFS",3,3,0
"PPE",3,3,0
"MASKS",3,3,0
"3FT RAMP",2,2,1
"HEATING PAD",2,2,1
"PATIENT AID CARE",2,2,2
"NO RINSE WASH",2,2,0
"A D SKIN OINTMENT CREAM",2,2,0
"ADULT NEBULIZERS",2,2,0
"BACTERIA FILTERS",2,2,0
"SWABSTICKS",2,2,0
"CANE TIPS",2,2,0
"SURGICAL TAPES",2,2,0
"CERVICAL COLLAR",2,2,1
"ASPEN BACK BRACES",2,2,0
"DISINFECTANT WIPES",2,2,0
"GOGGLES",2,2,0
"GLOVES",2,2,0
"RAMPS",2,2,1
"BED PAN",2,2,2
"CPAP NASAL AIR FIT N20",2,2,2
"ALUMINUM QUAD CANES",1,1,1
"RENTALS AND REPAIRS",1,1,1
"BARIATRIC WALKABOUT ROLLATOR BL",1,1,1
"HOSPITAL BEDS AND ACCESSORIES",1,1,1
"FOLDING WALKER WITH SEAT",1,1,0
"CALMOSEPTINE",1,1,0
"HIBICLENS",1,1,0
"COLLES FRACTURE SPLINTS",1,1,0
"LEG ELEVATOR",1,1,0
"SUCTION CANISTERS",1,1,0
"SUCTION TUBING",1,1,0
"TRACHEOSTOMY MASK",1,1,0
"TRACHEOSTOMY CARE KIT",1,1,0
"AIRSENSE 10 AUTOSET FOR HER WITH HUMIDAIR",1,1,1
"COUGHASSIST T70",1,1,1
"AIRCURVE 10 ST A BILEVEL",1,1,1
"AIRCURVE 10 S WITH HUMIDAIR AND CLIMATELINEAIR TUBE",1,1,1
"AIRSENSE 10 CPAP WITH HUMIDAIR",1,1,1
"CATHETER LUBRICANT",1,1,0
"CATHETER TRAY KIT",1,1,0
"CAVILON NO STING BARRIER FILM",1,1,0
"OSTOMY SKIN BARRIER STRIPS",1,1,0
"HOLLISTER TWO PIECE DRAINAGE POUCH",1,1,0
"HOLLISTER ONE PIECE OSTOMY DRAINAGE POUCH",1,1,0
"GENAIREX SECURI T TWO PIECE DRAINAGE POUCH",1,1,0
"GENAIREX SECURI T ONE PIECE DRAINAGE POUCH",1,1,0
"CONVATEC TWO PIECE DRAINAGE POUCHES",1,1,0
"CONVATEC ACTIVELIFE ONE PIECE DRAINAGE POUCH",1,1,0
"24 HR URINE COLLECTION CONTAINER",1,1,0
"BED SIDE URINE BAG",1,1,0
"COCK UP SPLINTS",1,1,0
"PATIENT HOSPITAL GOWN",1,1,1
"LAB COATS",1,1,0
"ANKLE STIRRUP SPLINT",1,1,0
"ELBOW IMMOBILIZER",1,1,0
"DORSAL NIGHT SPLINT",1,1,0
"ICE BAG",1,1,0
"CLAVICLE SUPPORT",1,1,0
"KNEE SLEEVE",1,1,0
"ANKLE SLEEVE",1,1,0
"BUNION SLEEVES",1,1,0
"HAND WEB EXERCISER",1,1,0
"HAND PUTTY",1,1,0
"SHOWER SHIELD PROTECTOR",1,1,0
"IODOFORM PACKING STRIP",1,1,0
"SACRAL DRESSING",1,1,0
"ANTISEPTIC TOWLETTES",1,1,0
"STRETCH BANDAGE",1,1,0
"STERILE WATER",1,1,0
"SALINE",1,1,0
"FULL BODY HOYER SLING WITH COMMODE CUT OUT",1,1,0
"FULL BODY HOYER SLING",1,1,0
"HOYER HALF SLING",1,1,0
"HYBRID COMBO TRANSPORT CHAIR WALKER",1,1,1
"WASHCLOTH",1,1,0
"ELEVATED FOOT REST",1,1,0
"BLOOD SUGAR TEST STRIPS",1,1,0
"BARIATRIC FLOOR STAND TRAPEZE HOSPITAL BEDS AND ACCESSORIES",1,1,1
"OFF LOADING SHOE",1,1,0
"ALTERNATING PRESSURE MATTRESS PAD",1,1,1
"FEMALE TROUSER STOCKINGS",1,1,0
"MALE TROUSER STOCKINGS",1,1,0
"PANTY HOSE COMPRESSION STOCKINGS",1,1,0
"KNEE HIGH COMPRESSION STOCKINGS",1,1,0
"NON SKID SOCKS",1,1,0
"BLIND WALKING CANE",1,1,0
"FOAM ROLLER",1,1,0
"FACE DOWN PILLOW",1,1,0
"BOW TIE CERVICAL PILLOW",1,1,0
"CERVICAL PILLOW",1,1,0
"CHAIR BACK",1,1,0
"LEG SEPARATOR PILLOW AND CUSHIONS",1,1,0
"KNEE WEDGE",1,1,0
"BREG PLASMAFLOW AND DVT PREVENTION UNIT",1,1,1
"CHAMBER GARMENTS",1,1,0
"PORTABLE SUCTION MACHINE WITH RECHARGEABLE BATTERIES",1,1,0
"BARIATRIC COMMODE WITH FRONT OPENING",1,1,1
"ROLLATOR BASKET",1,1,0
"ROLLATOR WHEELS",1,1,0
"ROLLATOR BAG",1,1,0
"ROLLATOR BRAKES",1,1,0
"WHEELCHAIR BRAKES",1,1,0
"BRAKE EXTENSIONS",1,1,0
"ARM PADS",1,1,0
"JUNIOR ROLLATOR",1,1,1
"RAISED TOILET SEAT",1,1,0
"BACK INVERSION TABLE",1,1,0
"AIR CERVICAL TRACTION UNIT",1,1,0
"GLUCERNA NUTRITION",1,1,0
"BOOST NUTRITIONAL DRINK",1,1,0
"ELBOW PROTECTOR",1,1,0
"ELBOW POST OP BRACE",1,1,0
"SOCK AID",1,1,0
"WALKER WHEELS",1,1,0
"CUP HOLDER",1,1,0
"WALKER SKIS",1,1,0
"BED ALARM",1,1,0
"MATTRESS EXTENSION",1,1,0
"HIP KIT ORTHOPEDICS",1,1,0
"LIGHTWEIGHT WHEELCHAIR ELEVATED FOOT REST",1,1,1
"DIABETIC INSOLES",1,1,0
"HEAVY DUTY WHEELCHAIR",1,1,1
"ALL TERRAIN KNEE SCOOTER",1,1,0
"HEAVY DUTY ROLLATOR",1,1,1
"COMMODE LINERS",1,1,0
"BARIATRIC COMMODE",1,1,1
"BLOOD PRESSURE CUFFS",1,1,0
"FOLDING WALKER WALKERS",1,1,0
"FACE SHIELD",1,1,0
"ISOLATION GOWNS",1,1,0
"BOUFFANTS",1,1,0
"FOLDING RAMP",1,1,0
"JAZZY 614HD",1,1,1
"JAZZY ELITE ES PORTABLE",1,1,1
"JAZZY GO CHAIR",1,1,1
"JAZZY PASSPORT",1,1,1
"JAZZY AIR 2",1,1,1
"FOLD AND GO WALKER",1,1,1
"ANTI EMBOLISM STOCKINGS",1,1,1
"PANTY HOSE",1,1,1
"HOME OXYGEN CONCENTRATOR RENTALS AND REPAIRS",1,1,1
"GLUCOSE MONITOR DIAGNOSTICS",1,1,1
"OSTOMY POUCHES OSTOMY SUPPLIES",1,1,1
"CATHETER FOLEY TRAY",1,1,1
"GOLDEN BUZZ AROUND 3 WHEEL SCOOTER",1,1,1
"GOLDEN COMPANION 3 WHEEL SCOOTER",1,1,1
"GOLDEN COMPANION 4 WHEEL SCOOTER",1,1,1
"NITRO ROLLATOR",1,1,1
"SITZ BATH",1,1,1
"WALKER BAGS MOBILITY BAGS",1,1,1
"KNEE WALKER PAD",1,1,1
"WALKER BASKET",1,1,1
"3 WHEEL ROLLATOR",1,1,1
"LEG WEDGE",1,1,1
"BACK WEDGE",1,1,1
"COCCYX CUSHION",1,1,1
"DONUT CUSHION",1,1,1
"LUMBAR CUSHION",1,1,1
"FOOT STOOL WITH HANDLE",1,1,1
"EXERCISE PULLEY SET",1,1,1
"OVER DOOR TRACTION UNIT",1,1,1
"HOME BED ASSISTANT HANDLE",1,1,1
"KNEE IMMOBILIZER",1,1,1
"ANKLE SUPPORT",1,1,1
"PEDIATRIC REVERSE WALKER",1,1,1
"STERILE SALINE",1,1,1
"BRASS OXYGEN REGULATOR",1,1,1
"SURGICAL TAPE",1,1,1
"COMPRESSION BANDAGE",1,1,1
"TEGANDERM FILM DRESSING",1,1,1
"GAUZE SPONGES",1,1,1
"GAUZE BANDAGE WOUND CARE PRODUCTS",1,1,1
"EXAM GLOVES",1,1,1
"U STEP 2 WALKER",1,1,1
"WALKER PLATFORM ATTACHMENT",1,1,1
"WALKER TRAY",1,1,1
"HEEL PROTECTOR",1,1,1
"IV POLE",1,1,1
"GAIT BELT",1,1,1
"HIP KIT",1,1,1
"SUCTION ASPIRATOR",1,1,1
"LYMPHEDEMA PUMP AND SLEEVES RENTALS AND REPAIRS",1,1,1
"CPM MACHINE RENTALS AND REPAIRS",1,1,1
"HINGED KNEE BRACE",1,1,1
"ALUMINUM TRANSPORT CHAIR WITH 8 WHEELS",1,1,1
"OSTOMY KIT OSTOMY SUPPLIES",1,1,1
"DIABETIC SOCKS",1,1,1
"FOLDABLE SCOOTER S19LI",1,1,1
"CPAP MASKS FULL FACE AIR FIT F20",1,1,1
"CPAP MASK NASAL PILLOW SWIFT FX",1,1,1
"MEDICAL OXYGEN",1,1,1
"HERNIA BELT",1,1,1
"BUCKET SEAT LUMBAR CUSHION W HOT COLD PACK",1,1,1
"BACK SUPPORT",1,1,1
"FINGER SPLINT",1,1,1
"LUMBAR SACRAL SUPPORT WITH FELT BACK",1,1,1
"INDUSTRIAL BACK SUPPORT",1,1,1
"MATERNITY BELT",1,1,1
"LEG SEPARATOR",1,1,1
"CHILDRENS FOAM COLLAR",1,1,1
"CONTOUR CERVICAL COLLAR",1,1,1
"ANKLE FOOT ORTHOTICS",1,1,1
"CPAP PILLOW",1,1,1
"KNEE SCOOTER",1,1,1
"MEDLINE REMEDY OLIVAMINE",1,1,1
"NON STERILE LATEX FREE CO FLEX LF2 BANDAGES",1,1,1
"MEDLINE PORTABLE NEBULIZER",1,1,1
"AEROMIST PLUS NEBULIZER COMPRESSOR",1,1,1
"ATTENDS SUPER PLUS UNDERWEAR",1,1,1
"JAZZY ELITE ES",1,1,1
"5 INCH ELEVATED TOILET SEAT",1,1,1
"16 SUCTION GRAB BAR",1,1,1
"ALUMINUM REHAB SHOWER COMMODE CHAIR",1,1,1